"TÍTULO","TIPO","NÚMERO OFICIAL","EXERCÍCIO","ORGÃO","VALOR (R$)","SITUAÇÃO","INÍCIO","FIM"
"2560 - CT. UFC/FCPC - PROINFO 2010","CONTRATO","P14370/10-28","2010","UNIVERSIDADE FEDERAL DO CEARÁ - UFC","","FINALIZADO","31/03/2015","31/03/2015"
"2585 - CV.FINEP/UFC/FCPC-CTINFRA 09","CONVÊNIO","01.10.0597.00","2015","FINEP - FINANCIADORA DE ESTUDOS E PROJETOS","6.445.930,00","EXECUÇÃO","01/12/2010","01/09/2017"
"2603 - CT -  UFC/FCPC - USO PEDAGOGICO DO LAPTOP EDUCACIONAL","CONTRATO","P20472/10-82","2010","UNIVERSIDADE FEDERAL DO CEARA","1.466.978,36","FINALIZADO","10/11/2010","26/11/2013"
"2607 - CT.BNDES/UFC/FCPC - CONSTRUÇÃO DO CPDM","CONTRATO","10.2.1320.1","2010","BANCO NACIONAL DE DESENVOLVIMENTO ECONOMICO E SOCIAL - BNDES","25.489.000,00","EXECUÇÃO","01/12/2010","31/01/2017"
"2610 - CT -  UFC/FCPC - CURSOS DE GRADUACAO UAB 3º E 4º SEMESTRES","CONTRATO","P20467/10-42","2010","UNIVERSIDADE FEDERAL DO CEARÁ - UFC","2.235.623,50","FINALIZADO","25/11/2010","24/11/2014"
"2619 - CT. UFC/FCPC - CURSOS DE GRADUACAO UAB - 5º E 6º SEMESTRES","CONTRATO","P20461/10-66","2016","UNIVERSIDADE FEDERAL DO CEARÁ - UFC","2.456.328,00","FINALIZADO","25/11/2010","24/11/2014"
"2699 - BNB/FCPC- I SEMINÁRIO DE AUDIOVISUAL E DESENVOLVIMENTO SUSTENTAVEL","CONVÊNIO","2011/057","2011","BANCO DO NORDESTE DO BRASIL S.A","7.970.600,00","FINALIZADO","07/06/2011","07/09/2012"
"2700 - BNB/FCPC-UM MODELO DINAMICO PARA A ATIVIDADE INDUSTRIAL DO NORDESTE BRASILEIRO E SUAS INTERDEPENDÊNCIAS REGIONAIS E EXTERNA","CONVÊNIO","2011/201","2011","BANCO DO NORDESTE DO BRASIL S.A","1.100.000,00","FINALIZADO","15/06/2011","15/06/2012"
"2702 - BNB/FCPC-SEMANA GOURMET CASCAVEL 2011","CONVÊNIO","2011/058","2011","BANCO DO NORDESTE DO BRASIL S.A","96.251,00","FINALIZADO","24/06/2011","24/03/2012"
"2703 - BNB/FCPC-ENCONTRO ENOGASTRONOMICO BRASIL PORTUGAL","CONVÊNIO","2011-198","2011","BANCO DO NORDESTE DO BRASIL S.A","103.534,00","FINALIZADO","24/06/2011","24/03/2012"
"2704 - BNB/FCPC/UFC - UM ESTUDO O IMPACTO DO SISTEMA TRIBUTÁRIO BRASILEIRO NA DISTRIBUIÇÃO DE RENDA NO NORDESTE DO PAÍS","CONVÊNIO","2011/059","2011","BANCO DO NORDESTE DO BRASIL S.A","35.190,00","FINALIZADO","20/06/2011","12/03/2012"
"2705 - BNB/FCPC/UFC - I CICLO DE DEBATES - OS NOVOS RUMOS DA INDÚSTRIA NAVAL BRASILEIRA","CONVÊNIO","NÃO SE APLICA","2011","BANCO DO NORDESTE DO BRASIL S.A","79.220,00","FINALIZADO","15/06/2011","15/08/2012"
"2706 - BNB/FCPC/UFC-AÇÕES INTEGRADAS DE APOIO À EXTENSÃO E PESQUISA(LEPP) DO LABORATORIO DE ESTUDOS DE POLÍTICAS PÚBLICAS (LEPP)","CONVÊNIO","2010/060","2011","BANCO DO NORDESTE DO BRASIL S.A","44.127,00","FINALIZADO","15/06/2011","15/12/2012"
"2707 - BNB/FCPC - REDE DE COSTURA","CONVÊNIO","","2011","BANCO DO NORDESTE DO BRASIL S.A","69.300,00","FINALIZADO","28/06/2011","28/06/2012"
"2708 - BNB/FCPC - PORTAL NORDESTE 2014","CONVÊNIO","2011/208","2011","BANCO DO NORDESTE DO BRASIL S.A","73.332,00","FINALIZADO","28/06/2011","28/12/2012"
"2709 - BNB/FCPC -  I CICLO DE ENCONTRO DA PESCA ARTESANAL E AQUICULTURA FAMILIAR DO ESTADO DO CEARÁ - MÓDULO ACARAÚ","CONVÊNIO","2011/216","2011","BANCO DO NORDESTE DO BRASIL S.A","84.420,00","FINALIZADO","08/07/2011","08/04/2012"
"2710 - BNB/FCPC- I CICLO DE ENCONTRO PESCA ARTESANAL E AQUICULTURA/CAMOCIM","CONVÊNIO","","2011","BANCO DO NORDESTE DO BRASIL S.A","86.700,00","FINALIZADO","08/07/2011","08/04/2012"
"2711 - BNB/FCPC- X CURSO DA JUVENTUDE DO CAMPO: 10 ANOS DE LUTA, FORMAÇÃO E ORGANIZAÇÃO","CONVÊNIO","","2011","BANCO DO NORDESTE DO BRASIL S.A","40.000,00","FINALIZADO","19/07/2011","19/04/2012"
"2720 - BNB/FCPC- I CICLO DE ENCONTRO PESCA ARTESANAL E AQUICULTURA/ICAPUÍ","CONVÊNIO","","2011","BANCO DO NORDESTE DO BRASIL S.A","84.770,00","FINALIZADO","27/07/2011","27/04/2012"
"2733 - CV - BNB/FCPC - VII ENCONTRO ECONOMIA DO CEARA EM DE","CONVÊNIO","2011/088","2011","BANCO DO NORDESTE DO BRASIL S.A","39.900,00","FINALIZADO","13/09/2011","13/06/2012"
"2751 - BNB/FCPC - I CICLO DE ENCONTROS DA PESCA ARTESANAL E AQUICULTURA FAMILIAR DO ESTADO DO CEARÁ - MÓDULO PACAJUS","CONVÊNIO","2011/295","2011","BANCO DO NORDESTE DO BRASIL S.A","71.000,00","FINALIZADO","14/09/2011","14/06/2012"
"2752 - BNB/FCPC I CICLO DE ENCONTROS PESCA ARTESANAL,AQUIC. FAMILIAR MUNICIPIO DE PACATUBA","CONVÊNIO","2011/299","2011","BANCO DO NORDESTE DO BRASIL S.A","71.780,00","FINALIZADO","14/09/2011","14/06/2012"
"2753 - BNB/FCPC - X CONGRESSO DE HISTORIA DA EDUCAÇÃO DO CEARÁ (XCHEC)","CONVÊNIO","2011/090","2011","BANCO DO NORDESTE DO BRASIL S.A","36.759,00","FINALIZADO","20/09/2011","20/06/2012"
"2755 - BNB/FCPC-OPORTUNIDADES, INTERCÂMBIOS, NEGÓCIOS COM PAÍSES DE L.PORTUGUESA","CONVÊNIO","2011/089","2011","BANCO DO NORDESTE DO BRASIL S.A","78.592,00","FINALIZADO","23/09/2011","23/06/2012"
"2758 - BNB/FCPC-I CICLO ENCONTROS PESCA ARTESANAL,AQUICULTURA FAMILIAR MUNICIPIO DE TRAIRI","CONVÊNIO","2011/209","2011","BANCO DO NORDESTE DO BRASIL S.A","80.310,00","FINALIZADO","11/10/2011","11/07/2012"
"2760 - BNB/FC-I CICLO ENCONTRO PESCA ARTESANAL,AQUICULTURA FAMILIAR DO MUNIJCIPIO DE  PARAIPABA","CONVÊNIO","2011/308","2011","BANCO DO NORDESTE DO BRASIL S.A","78.150,00","FINALIZADO","11/10/2011","11/07/2012"
"2766 - BNB/FCPC-AVALIAÇÃO IMPACTO MACROECONÔMICO DIVERSOS PROGRAMAS  FINANCIADOS PELO FUNDO CONSTITUCIONAL DE FINANCIAMENTO DO NORDESTE(FNE)","CONVÊNIO","2011/230","2011","BANCO DO NORDESTE DO BRASIL S.A","14.600,00","FINALIZADO","20/09/2011","20/02/2012"
"2767 - BNB/FCPC ENCONTRO DA CARCINICULTURA DO VALE DO ACARAÚ 2011","CONVÊNIO","","2011","BANCO DO NORDESTE DO BRASIL S.A","79.800,00","FINALIZADO","08/11/2011","08/08/2012"
"2768 - CV.BNB/FCPC - SEMANA GOURMET CAUCAIA 2011","CONVÊNIO","2011/102","2011","BANCO DO NORDESTE DO BRASIL S.A","69.914,00","FINALIZADO","10/04/2011","04/07/2012"
"2769 - CV.BNB/FCPC - DESENVOLVIMENTO EM HOSPITALIDADE PARA O MUNICIPIO DE ITAITINGA","CONVÊNIO","2011/102","2011","BANCO DO NORDESTE DO BRASIL S.A","65.510,00","FINALIZADO","21/11/2011","21/08/2012"
"2776 - TERMO DE COOP.PETROBRAS/UFC/FCPC PROJETO GEOFMEL","TERMO DE COOPERAÇÃO","0050.0071937.11.9","2015","PETROLEO BRASILEIRO S/A PETROBRAS","3.329.269,15","FINALIZADO","20/12/2011","17/12/2016"
"2779 - BNB/FCPC/UFC - LIVRO ANTÔNIO BANDEIRA E A POÉTICA DAS CORES","CONVÊNIO","2011/133","2011","BANCO DO NORDESTE DO BRASIL S.A","27.300,00","FINALIZADO","08/12/2011","08/09/2012"
"2784 - BNB/FCPC-DIFUSÃO DA PRODUÇÃO CIENTIFICA DA UFC - FASE III","CONVÊNIO","2011/390","2011","BANCO DO NORDESTE DO BRASIL S.A","97.650,00","FINALIZADO","08/12/2011","08/12/2012"
"2787 - CT - UFC/FCPC – CURSO DE PSICOLOGIA HOSPITALAR – TURMA VII","CONTRATO","P28195/11-19","2012","UNIVERSIDADE FEDERAL DO CEARÁ - UFC","53.943,20","FINALIZADO","10/02/2012","09/02/2013"
"2791 - CT -  UFC/FCPC – IMPLANTAÇÃO DE OFERTA DOS CURSOS DE GRADUAÇÃO DA UAB/UFC, 1º E 2º SEMESTRES 2011.1, PARTE I","CONTRATO","P12648/11-12","2012","UNIVERSIDADE FEDERAL DO CEARÁ - UFC","2.949.753,60","FINALIZADO","23/06/2011","22/06/2015"
"2792 - CV. BNB/FCPC - III SEMANA DA ECONOMIA - ECONOMIA E SUAS INTERFACES","CONVÊNIO","2011/137","2011","BANCO DO NORDESTE DO BRASIL S.A","13.524,00","FINALIZADO","21/10/2011","21/07/2012"
"2793 - CV. BNB/FCPC - IX JORNADA ECONOPET E VI SEMINÁRIO CONJUNTURA ECONÔMICA","CONVÊNIO","2011/138","2011","BANCO DO NORDESTE DO BRASIL S.A","31.815,00","FINALIZADO","14/11/2011","14/08/2012"
"2795 - CT - UFC/FCPC - CAPACITACAO DA JUVENTUDE RURAL CEAR","CONTRATO","P26916/11-38","2012","UNIVERSIDADE FEDERAL DO CEARÁ - UFC","155.242,24","FINALIZADO","13/12/2011","30/11/2013"
"2796 - CV.BNB-ARTE COM0  INDUTORA EMPREGO RENDA TRANSFORMAÇÕES SOCIAIS FORTALEZA","CONVÊNIO","","2012","BANCO DO NORDESTE DO BRASIL S.A","60.249,00","FINALIZADO","06/02/2012","05/06/2015"
"2797 - CV.BNB/FCPC - PROJETO REDE CASAS DIGITAIS","CONVÊNIO","2012/034","2012","BANCO DO NORDESTE DO BRASIL S.A","50.190,00","FINALIZADO","06/02/2012","06/05/2015"
"2798 - CV.BNB-SEMINARIO: DESAFIOS USO DO FOGO AGRICULTURA FAMILIAR NORDESTINA","CONVÊNIO","2011/415","2012","BANCO DO NORDESTE DO BRASIL S.A","62.286,00","FINALIZADO","09/09/2011","09/02/2013"
"2799 - CT - UFC/FCPC – IMPLANTAÇÃO DE OFERTA DOS CURSOS DE GRADUAÇÃO DA UAB/UFC, 1º E 2º SEMESTRES PARTE II","CONTRATO","17309/11-12","2012","BANCO DO NORDESTE DO BRASIL S.A","215.000,00","FINALIZADO","09/09/2011","09/09/2013"
"2800 - CT - UFC/FCPC – CONTINUIDADE DOS CURSOS DE GRADUAÇÃO DA UAB/UFC 7º E 8º SEMESTRES – PARTE I","CONTRATO","P12654/11-15","2012","UNIVERSIDADE FEDERAL DO CEARÁ - UFC","1.263.829,31","FINALIZADO","23/06/2011","22/06/2014"
"2801 - CV.BNB/FCPC - I CICLO DE ENCONTROS DA PESCA ARTESANAL - MODULO TAUÁ","CONVÊNIO","2012/064","2012","BANCO DO NORDESTE DO BRASIL S.A","71.620,00","FINALIZADO","07/02/2012","07/11/2012"
"2804 - BNB/FCPC/CNPC-CONTROLE DA VERMINOSE EM PEQUENOS RUMINANTES COM NEMATICIDA NATURAL PARA USO NO SOLO","CONVÊNIO","2011/301","2011","BANCO DO NORDESTE DO BRASIL S.A","73.709,51","FINALIZADO","19/08/2011","19/08/2015"
"2820 - BNB/FCPC - SEMINÁRIO: O FUTURO DA ATIVIDADE PORTUÁRIA NO NORDESTE","CONVÊNIO","","2011","BANCO DO NORDESTE DO BRASIL S.A","80.000,00","FINALIZADO","05/12/2011","05/03/2013"
"2825 - CT - UFC/FCPC – INQUERITO NACIONAL DE SAÚDE NA POPULAÇÃO PENITENCIÁRIA FEMININA E DE SERVIDORAS PRISIONAIS","CONTRATO","P27573/11-29","2012","UNIVERSIDADE FEDERAL DO CEARÁ - UFC","580.000,00","FINALIZADO","14/12/2011","13/12/2014"
"2827 - CV - FINEP/UFC/FCPC-CTINFRA 02/2010","CONVÊNIO","P01.12.0092.00","2016","FINEP - FINANCIADORA DE ESTUDOS E PROJETOS","5.041.631,00","EXECUÇÃO","26/03/2012","26/03/2017"
"2831 - CV - FINEP/FCPC - RIMEC  IMPLANTAÇÃO E CONS. DA REDE TEMAT.INSUMO FARMACÊUTICO","CONVÊNIO","01.12.0097.00","2015","FINEP - FINANCIADORA DE ESTUDOS E PROJETOS","3.770.509,59","EXECUÇÃO","27/03/2012","27/03/2018"
"2833 - CT. UFC/FCPC - FORMAÇÃO DE DOCENTES NOS NÍVEIS DE MESTRADO E DOUTORADO","CONTRATO","P26110/11-95","2012","UNIVERSIDADE FEDERAL DO CEARÁ - UFC","596.000,00","FINALIZADO","08/12/2011","07/12/2016"
"2840 - BNB/FCPC - BIODEFENSIVO CONTRA DENGUE DERIVADOS DA FLORA NORDESTINA","CONVÊNIO","2011/503","2011","BANCO DO NORDESTE DO BRASIL S.A","99.630,00","FINALIZADO","08/12/2011","09/09/2013"
"2846 - CT. UFC/FCPC - MESTRADO PROFISSIONAL DE ECONOMIA DE EMPRESA – TURMA 2012.1","CONTRATO","P.4536/12-14","2012","UNIVERSIDADE FEDERAL DO CEARÁ - UFC","670.000,00","FINALIZADO","09/02/2012","29/06/2013"
"2847 - CT. UFC/FCPC – MESTRADO PROFISSIONAL EM GESTÃO DE RECURSOS HÍDRICOS","CONTRATO","P.28123/11-16","2012","UNIVERSIDADE FEDERAL DO CEARÁ - UFC","53.600,00","FINALIZADO","01/08/2011","30/07/2013"
"2852 - CT. UFC/FCPC – FASE IV DO PROJETO NACIONAL DE TELESSAÚDE EM APOIO A ATENÇÃO BÁSICA – NÚCLEO DO CEARÁ","CONTRATO","P.26672/11-75","2012","UNIVERSIDADE FEDERAL DO CEARÁ - UFC","2.000.000,00","FINALIZADO","15/12/2011","24/09/2016"
"2855 - CV.BNB/FCPC- FESTIVAL DE GASTRONOMIA DE ICAPUÍ - 2012","CONVÊNIO","2012/050","2012","BANCO DO NORDESTE DO BRASIL S.A","79.106,00","FINALIZADO","11/05/2012","11/09/2013"
"2856 - CV.BNB/FCPC- FESTIVAL DE GASTRONOMIA DE ICAPUÍ - 2012","CONVÊNIO","","2012","BANCO DO NORDESTE DO BRASIL S.A","76.106,00","FINALIZADO","11/05/2012","11/02/2013"
"2857 - CV.BNB/FCPC- TRAJETÓRIAS DE DESENVOLVIMENTO E DESIGUALDADES SALARIAIS","CONVÊNIO","2012/161","2012","BANCO DO NORDESTE DO BRASIL S.A","19.900,00","FINALIZADO","11/05/2012","11/05/2013"
"2858 - CT. UFC/FCPC – IMPLANTAÇÃO DA 3ª OFERTA DO CICLO AVANÇADO DO PROGRAMA MÍDIAS NA EDUCAÇÃO 3ª EDIÇÃO","CONTRATO","P12649/11-85","2012","UNIVERSIDADE FEDERAL DO CEARÁ - UFC","24.000,00","FINALIZADO","20/06/2011","21/06/2013"
"2859 - CT - UFC/FCPC - USO PEDAGOGICO DO LAPTOP EDUCACIONA","","13172/11-18","2150","INSTITUTO FEDERAL DO CEARA - IFCE","0,00","FINALIZADO","07/07/2011","06/07/2014"
"2861 - CV.BNB/FCPC - AÇÕES DE VALORIZAÇÃO DO ENSINO DE QUIMICA","CONVÊNIO","2012/199","2012","BANCO DO NORDESTE DO BRASIL S.A","6.300,00","FINALIZADO","18/05/2012","18/02/2013"
"2871 - PATROCINIO BNB/FCPC - POR DO SOM - 2012","CONTRATO","","2012","BANCO DO NORDESTE DO BRASIL S.A","10.000,00","FINALIZADO","16/04/2012","30/12/2012"
"2881 - CV. BNB/FCPC-PORTFOLIOS TEMÁTICOS DE APOIO AOS SERVIÇOS DE ASSISTÊNCIA","CONTRATO","2012/284","2012","BANCO DO NORDESTE DO BRASIL S.A","92.620,00","FINALIZADO","16/07/2012","16/10/2013"
"2886 - COGERH/FCPC – REQUALIFICAÇÃO DAS AÇÕES DE GERENCIAMENTO DOS RECURSOS HÍDRICOS DO ESTADO DO CEARÁ","CONVÊNIO","003/2012","2012","COMPANHIA DE GESTÃO DOS RECURSOS HÍDRICOS - COGERH","2.400.000,00","FINALIZADO","08/08/2012","07/02/2014"
"2915 - CV.BNB/FCPC - VIII ENCONTRO ECONOMIA DO CEARÁ EM DEBATES","CONVÊNIO","","2012","","55.000,00","FINALIZADO","06/11/2012","06/04/2013"
"2920 - CV - FINEP/FCPC-APRIMORAMENTO E COMPLEMENTAÇÃO DA INFRAESTRUTURA DE PESQUISA DA UFC","CONVÊNIO","01.12.0526.00","2015","FINEP - FINANCIADORA DE ESTUDOS E PROJETOS","7.224.078,00","EXECUÇÃO","21/12/2012","21/06/2017"
"2924 - CT - UFC/FCPC - IMPLANTACAO E OFERTA DOS CURSOS DE GRADUACAO DA UAB/UFC 2012","CONTRATO","P.22088/12-77","2015","UNIVERSIDADE FEDERAL DO CEARÁ - UFC","12.260.840,80","EXECUÇÃO","16/11/2012","31/12/2017"
"2930 - CT - UFC/FCPC - ATENDIMENTO EDUCACIONAL ESPECIALIZADO - AEE","CONTRATO","P.25040/2012-57","2015","UNIVERSIDADE FEDERAL DO CEARÁ - UFC","2.779.804,92","EXECUÇÃO","19/11/2012","30/03/2017"
"2946 - CT - UFC/FCPC CURSO DE ESPECIALIZAÇÃO EM DOCÊNCIA NA EDUCAÇÃO INFANTIL","CONTRATO","P.26792/2012-16","2015","UNIVERSIDADE FEDERAL DO CEARÁ - UFC","691.561,20","EXECUÇÃO","24/11/2012","24/11/2017"
"2978 - CT - UFC/FCPC - LACT - LABORATOIRO DE ANALISES CLINICAS E TOXICOLOGICAS","CONTRATO","P.10730/2013-92","2015","UNIVERSIDADE FEDERAL DO CEARÁ - UFC","199.294,10","EXECUÇÃO","10/06/2013","01/06/2017"
"2994 - CV - UFC/FCPC CURSO DE ESPECIALIZAÇÃO EM COORDENAÇÃO PEDAGÓGOCA","CONVÊNIO","P12519/13-31","2015","UNIVERSIDADE FEDERAL DO CEARÁ - UFC","524.627,50","EXECUÇÃO","30/09/2013","06/02/2017"
"3000 - TC -  PETROBRAS/FCPC-REVESTIMENTO DE SOLDAGEM","TERMO DE COOPERAÇÃO","0050.0085732.13.9","2015","PETROLEO BRASILEIRO S/A PETROBRAS","1.313.773,00","EXECUÇÃO","03/12/2013","01/12/2017"
"3009 - UFC/FCPC-PROGRAMA NACIONAL ESCOLA DE GESTORES DA EDUCAÇÃO BÁSICAS:CURSO DE ESPECIALIZAÇÃO EM GESTÃO ESCOLAR","CONVÊNIO","CV. 788331/2013","2014","UNIVERSIDADE FEDERAL DO CEARÁ - UFC","455.337,00","FINALIZADO","03/12/2013","30/06/2016"
"3014 - CV - UFC/FCPC - FORMAÇÃO CONTINUADA DE DIRIGENTES MUNICIPAIS DE EDUCAÇÃO - PRADIME","CONVÊNIO","SICONV - 792177/2013","2014","UNIVERSIDADE FEDERAL DO CEARÁ - UFC","58.269,80","FINALIZADO","20/01/2014","30/10/2014"
"3017 - CT -  UFC/FCPC - SELEÇÃO DAS CASAS DE CULTURA 2014.1","CONTRATO","P24715/13-77","2014","UNIVERSIDADE FEDERAL DO CEARÁ - UFC / DIVERSOS","248.750,85","FINALIZADO","02/01/2014","02/01/2014"
"3019 - CV.FINEP/UFC/FCPC-CT INFRA 13","CONVÊNIO","01.13.0337.00","2015","FINEP - FINANCIADORA DE ESTUDOS E PROJETOS","8.818.375,00","EXECUÇÃO","10/12/2013","10/12/2017"
"3020 - CT.UFC/FCPC-CAPACITAÇÃO EM ATENÇÃO A SAÚDE DA CRIANÇA","CONTRATO","P.24377/13-46","2015","UNIVERSIDADE FEDERAL DO CEARÁ - UFC","3.479.700,00","EXECUÇÃO","31/12/2013","31/10/2017"
"3022 - CT.UFC/FCPC - CURSO DE ESPECIALIZAÇÃO EM SAUDE DA FAMILIA","CONTRATO","P.22158/2013-31","2015","UNIVERSIDADE FEDERAL DO CEARÁ - UFC","8.830.589,70","EXECUÇÃO","31/12/2013","28/10/2017"
"3024 - CT - UFC/FCPC - CURSO DE RESIDENCIA MULTIPROFISSIONAL E EM AREA PROFISSIONAL DA SAUDE - RESMULT 2014","CONTRATO","P21555/13-96","2014","UNIVERSIDADE FEDERAL DO CEARÁ - UFC / DIVERSOS","55.222,00","FINALIZADO","16/12/2013","16/12/2014"
"3028 - UFC/FCPC - GESTAO ESTRATEGICA E REGIONALIZACAO: FORTALECER A ARTICULAÇÃO INTERFEDERATIVA E PARTICIPAÇÃO NO SISTEMA UNICO DE SAUDE","CONTRATO","P21741/13-71","2014","UNIVERSIDADE FEDERAL DO CEARÁ - UFC","1.612.719,03","FINALIZADO","31/10/2013","31/10/2014"
"3031 - CURSO DE FORMAÇÃO ALUNO INTEGRADO DA SECRETAIA DE EDUCAÇÃO BASICA (SEB/MEC)","CONVÊNIO","SICONV 792192/2013","2014","UNIVERSIDADE FEDERAL DO CEARÁ - UFC","239.990,24","FINALIZADO","02/01/2014","30/06/2014"
"3057 - PETROBRAS/FCPC -  SERVIÇOS DE ELABORAÇÃO DE ESTUDO PARA LICENCIAMENTO AMBIENTAL DAS INSTALAÇÕES DE EXTRA MUROS DA REFINARIA PREMIUM II","CONTRATO","6000.0088249.14.2","2014","PETROLEO BRASILEIRO S/A PETROBRAS","1.165.803,30","FINALIZADO","31/01/2014","19/12/2014"
"3060 - CV. FINEP/FCPC/POLIBRAS - POLIVOICE","CONVÊNIO","01.14.0068.00","2015","FINEP - FINANCIADORA DE ESTUDOS E PROJETOS","925.799,90","EXECUÇÃO","20/03/2014","20/09/2017"
"3063 - CT - UFC/FCPC - CONCURSO PARA ASSISTENTE ADMINISTRATIVO DA UFC","CONTRATO","4456/14-49","2014","UNIVERSIDADE FEDERAL DO CEARÁ - UFC / DIVERSOS","642.769,12","FINALIZADO","04/04/2014","15/10/2014"
"3065 - CV - FINEP/FCPC - AQUASENSE","CONVÊNIO","01.14.0114.00","2014","FINEP - FINANCIADORA DE ESTUDOS E PROJETOS","673.155,40","EXECUÇÃO","01/01/2014","08/05/2017"
"3066 - UFCA/FCPC - CONCURSO PUBLICO PARA PREENCHIMENTO DE VAGAS PARA CARGOS TECNICO-ADMINISTRATIVO DA UNIVERSIDADE FEDERAL DO CARIRI","CONTRATO","P. 7442/14-41","2014","UNIVERSIDADE FEDERAL DO CEARÁ - UFC / DIVERSOS","266.224,00","FINALIZADO","06/05/2014","20/11/2014"
"3067 - IFCE/FCPC - EXPANSÃO DO NUCLEO DE INCLUSÃO E ACESSIBILIDADE VIRTUAL DO IFCE","CONTRATO","CT. 10/2014","2014","INSTITUTO FEDERAL DO CEARA - IFCE","100.000,00","FINALIZADO","31/01/2014","31/01/2015"
"3068 - IFCE/FCPC - CURSO POLEDUC - MESTRADO PROFISSIONAL EM POLITICAS E GESTÃO DA EDUCAÇÃO SUPERIOR","CONTRATO","CT.09/2014","2014","INSTITUTO FEDERAL DE EDUCAÇÃO, CIÊNCIA E TECNOLOGIA DO CEARÁ","210.240,00","FINALIZADO","31/01/2014","31/01/2015"
"3074 - UFC/FCPC - CASAS DE CULTURA 1º SEMESTRES E TESTE DE NIVEL","CONTRATO","P.10331/14-92","2014","UNIVERSIDADE FEDERAL DO CEARÁ - UFC / DIVERSOS","276.785,50","FINALIZADO","24/06/2014","22/11/2014"
"3085 - UFC/FCPC - CURSO DE LICENCIATURA INTERCULTURAL INDIGENA DAS ETNIAS PITAGUARY, TAPEBA, KANINDÉ, JENIPAPO-KANINDÉ E ANACÉ – LII - PITAKAJÁ","CONTRATO","P.6127/14/88","2014","UNIVERSIDADE FEDERAL DO CEARÁ - UFC","78.883,20","EXECUÇÃO","05/09/2014","05/09/2016"
"3087 - CT - UFC/FCPC - MAPEAMENTO DAS PRÁTICAS CULTURAIS","CONTRATO","P.10424/2014-27","2015","UNIVERSIDADE FEDERAL DO CEARÁ - UFC","209.200,00","EXECUÇÃO","29/09/2014","29/12/2017"
"3090 - UFC/FCPC - THE NETWORK - ENCONTRO EDUCACIONAL INTERNACIONAL","CONTRATO","P17037/2014-10","2014","UNIVERSIDADE FEDERAL DO CEARÁ - UFC","3.268.400,00","FINALIZADO","14/10/2014","14/10/2015"
"3094 - CT - FCPC/UFC FASE V DO PROGRAMA NACIONAL TELESSAUDE BRASIL REDES","CONTRATO","P.1820/2014-73","2015","UNIVERSIDADE FEDERAL DO CEARÁ - UFC","2.868.931,46","EXECUÇÃO","07/11/2014","24/02/2017"
"3098 - CT. FCPC/IPLANFOR - PLANO ESTRATÉGICO FORTALEZA 2040","CONTRATO","P1410112937123/2013","2014","PREFEITURA MUNICIPAL DE FORTALEZA","10.572.205,92","EXECUÇÃO","27/02/2014","27/07/2017"
"3110 - IFCE/FCPC - PRESTAÇÃO DE SERVIÇOS -APOIO AO ENSINO, PESQUISA E EXTENSÃO P/VIABILIZAR A PRODUÇÃO, EDITORAÇÃO E REVISÃO DO CONTEÚDO VOLTADO EAD NA ÁREA DE GESTÃO DE PROJETOS EM RECURSOS HIDRICOS","CONTRATO","CT. 94/2014","2014","INSTITUTO FEDERAL DE EDUCAÇÃO, CIÊNCIA E TECNOLOGIA DO CEARÁ","320.800,20","EXECUÇÃO","08/12/2014","07/12/2016"
"3111 - CT - SESA/FCPC - HORTO DE PLANAS MEDICINAS - FARMA","CONTRATO","1121/2014","2014","SECRETARIA DE SAÚDE DO ESTADO DO CEARÁ","980.654,40","FINALIZADO","28/08/2014","30/11/2017"
"3112 - UFC/FCPC -  SELEÇÃO PARA ACESSO AS CASAS DE CULTURA ESTRANGEIRA DA UFC, SEMESTRE I E TESTE DE NIVEL PARA OS DEMAIS SEMESTRES","CONTRATO","P-22820/2014-97","2014","BANCO NACIONAL DE DESENVOLVIMENTO ECONOMICO E SOCIAL - BNDES","341.016,00","FINALIZADO","12/12/2014","03/07/2015"
"3146 - TC - PETROBRAS/UFC/FCPC-ONTOLOGIA DOS DADOS GEOLÓGICOS GERADOS EM POÇOS DE E&P","TERMO DE COOPERAÇÃO","0050.0096325.15.9","2015","PETROLEO BRASILEIRO S/A PETROBRAS","1.334.655,00","EXECUÇÃO","01/06/2015","26/11/2017"
"3172 -  CT.  UFC/FCPC NUFACE","CONTRATO","017983/2015-39","2016","UNIVERSIDADE FEDERAL DO CEARÁ - UFC","93.367,76","EXECUÇÃO","25/05/2016","31/03/2017"
"3174 - CT - UFC/FCPC-CURSO ESCOLA DA TERRA","CONTRATO","P.020597/2014-43","2015","UNIVERSIDADE FEDERAL DO CEARÁ - UFC","558.960,00","FINALIZADO","11/11/2015","21/11/2017"
"3175 -  CT.UFC/FCPC-CURSO DE ESPECIALIZAÇÃO EM EDUCAÇÃO,POBREZA E DESIGUALDADE SOCIAL","CONTRATO","P.20594/2014-18","2015","UNIVERSIDADE FEDERAL DO CEARÁ - UFC","854.592,50","EXECUÇÃO","11/11/2015","30/12/2017"
"3181 - CT. FCPC/UFC - APOIO A SEGURANÇA ALIMENTAR E NUTRICIONAL NO AMBIENTE E ESCOLAR","CONTRATO","P.19263/2015-16","2015","UNIVERSIDADE FEDERAL DO CEARÁ - UFC","180.995,90","EXECUÇÃO","23/11/2015","30/03/2017"
"3182 - CT. FCPC/UFC - CURSO DE EXTENSAO A DISTANCIA FORMACAO CONTINUADA EM CONSELHO ESCOLAR","CONTRATO","P.16658/2014-78","2015","UNIVERSIDADE FEDERAL DO CEARÁ - UFC","250.000,00","EXECUÇÃO","30/11/2015","30/11/2017"
"3183 - CT. FCPC/UFC - CURSO DE FORMAÇAO DE PROFESSORES DA SECADI/MEC","CONTRATO","P.20363/2014-04","2015","UNIVERSIDADE FEDERAL DO CEARÁ - UFC","675.620,00","EXECUÇÃO","11/11/2015","01/11/2017"
"3184 - CT. FCPC/UFC - CURSO DE FORMAÇÃO CONTINUADA DE PROFESSORES E COORDENADORES PEDAGOGICOS DO ENSINO MEDIO","CONTRATO","P.16660/2014-47","2015","UNIVERSIDADE FEDERAL DO CEARÁ - UFC","1.516.736,86","EXECUÇÃO","01/11/2015","31/10/2017"
"3186 - CT - FCPC/UFC - CURSO DE CAPACITAÇÃO PARA GESTORES PUBLICOS DE CULTURA","CONTRATO","P.20785/2015-52","2015","UNIVERSIDADE FEDERAL DO CEARÁ - UFC","230.000,00","EXECUÇÃO","04/12/2015","30/06/2017"
"3187 - CT - FCPC/UFC - CURSO PACTO NACIONAL PELA ALFABETIZAÇÃO NA IDADE CERTA","CONTRATO","P.19997/2015-97","2015","UNIVERSIDADE FEDERAL DO CEARÁ - UFC","1.619.636,00","EXECUÇÃO","04/12/2015","02/12/2017"
"3188 - CT - FCPC/UFC - MESTRADO PROFISSIONAL EM ECONOMIA DO SETOR PUBLICO","CONTRATO","P.17815/15-43","2015","UNIVERSIDADE FEDERAL DO CEARÁ - UFC / DIVERSOS","900.000,00","EXECUÇÃO","04/12/2015","31/12/2017"
"3192 - UNESCO/UFC/FCPC - SERVIÇOS DE CONSULTORIA - COMPORTAMENTO, ATITUDES PRATICAS E PREVALENCIA DE VIRUS DA IMUNODEFICIÊNCIA HUMANA (HIV), SIFILIS E HEPATITE B E C ENTRE HOMENS QUE FAZEM SEXO COM HOMENS","CONTRATO","ED01032/2015","2015","UNESCO - ORGANIZACAO DAS NACOES UNIDAS PRA A EDUCACAO","2.979.309,63","FINALIZADO","16/11/2015","16/11/2016"
"3193 - CARTA ACORDO OPAS/FCPC - SESSÕES PRESENCIAIS DE 2016","CARTA ACORDO","SCON2016-00177","2016","ORGANIZAÇÃO DOS ESTADOS IBERO-AMERICANOS PARA A EDUCAÇÃO A CIÊNCIA E A CULTURA","368.814,00","FINALIZADO","01/02/2016","01/08/2016"
"3194 -  CT. UFC/FCPC - FAIMER 2016","CONTRATO","P1047/2016-97","2016","UNIVERSIDADE FEDERAL DO CEARÁ - UFC","450.000,00","EXECUÇÃO","02/02/2016","02/02/2017"
"3196 - CT.UFC/FCPC-CASAS DE CULTURA UFC-TESTE DE NIVEL 2016.1","CONTRATO","P.2296/2016-08","2016","OUTROS","373.176,00","FINALIZADO","18/02/2016","20/06/2016"
"3208 - CT. UFC/FCPC - I SIMPOSIO DE GESTÃO DO ESPORTE EM UNIDADES ESPORTIVAS","CONTRATO","9679/2016-07","2016","UNIVERSIDADE FEDERAL DO CEARÁ - UFC","155.280,56","FINALIZADO","11/05/2016","23/08/2016"
"3213 - CT. UFC/FCPC - CONCURSO PUBLICO P/ SELEÇÃO DE SERVIDORES TÉCNICO-ADMINISTRATIVO","CONTRATO","P. 010328/2016-31","2016","UNIVERSIDADE FEDERAL DO CEARÁ - UFC / DIVERSOS","575.741,00","EXECUÇÃO","08/06/2016","30/01/2017"
"3218 - CT. UFC/FCPC - SELEÇÃO CASAS DE CULTURA 2016.2","CONTRATO","P.015618/2016-71","2016","UNIVERSIDADE FEDERAL DO CEARÁ - UFC","373.828,00","FINALIZADO","04/08/2016","25/11/2016"
"3222 - CT. UFC/FCPC - CONCURSO PUBLICO P/SELEÇÃO DE SERVIDORES","CONTRATO","P.018218/2016-17","2016","OUTROS","835.511,31","EXECUÇÃO","25/08/2016","30/03/2017"
"3227 -  CT. UFC/FCPC - RESMULT 2016","CONTRATO","P.023095/2015-55","2016","OUTROS","151.823,79","EXECUÇÃO","13/10/2016","12/10/2017"
"3228 - CT. UFC/FCPC - V FLAEL","CONTRATO","P.020606/2016-68","2016","UNIVERSIDADE FEDERAL DO CEARÁ - UFC / DIVERSOS","56.000,00","FINALIZADO","14/10/2016","31/12/2016"
"3231 - CT. UFC/FCPC -  CURSO DE LII PITAKAJA","CONTRATO","P.017274/2016-34","2016","UNIVERSIDADE FEDERAL DO CEARÁ - UFC","35.526,72","FINALIZADO","04/10/2016","31/12/2016"
"3237 - CT - GOV.PIAUÍ/FCPC- CONSULTORIA PROJETO VLT TERESINA","CONTRATO","","2017","SECRETARIA DE DESENVOLVIMENTO ECONÔMICO E TECNOLÓGICO – SEDET – GOVERNO DO ESTADO DO PIAUÍ","2.850.000,00","EXECUÇÃO","08/12/2016","08/12/2017"
"3239 - CT - UFC/FCPC - PARFOR","CONTRATO","P. 023648/2016-51","2016","UNIVERSIDADE FEDERAL DO CEARÁ - UFC","111.052,20","EXECUÇÃO","29/11/2016","30/03/2017"
"3240 - CT. UFC/FCPC - FAIMER 2017","CONTRATO","024458/2016-51","2016","UNIVERSIDADE FEDERAL DO CEARÁ - UFC","787.884,70","EXECUÇÃO","14/12/2016","14/12/2017"
"3241 - CT.EMBRAPA/FCPC - ACESSO A RENP","CONTRATO","","2016","EMBRAPA AGROINDÚSTRIA TROPICAL","36.000,00","EXECUÇÃO","13/10/2016","13/10/2017"
"3244 - CT. UFC/FCPC-PNAIC","CONTRATO","024253/2016-76","2016","UNIVERSIDADE FEDERAL DO CEARÁ - UFC","1.028.170,00","EXECUÇÃO","23/12/2016","30/04/2017"
"3257 - CT. IFCE/FCPC/REPOSITORIO DE OBJETOS EDUCAINAIS PARA REDE EPT - PROEDU","CONTRATO","","2017","UNIVERSIDADE FEDERAL DO CEARÁ - UFC","814.940,00","EXECUÇÃO","11/01/2017","11/01/2018"
"3258 - CV.DPM/IFCE/FCPC-CONTRAPARTIDA – EMBRAPII - ANEMOMETRO ULTRASSONICO ESPECIALIZADO PARA SISTEMA DE PROSPECÇÃO E AVALIAÇÃO DO POTENCIAL EÓLICO","CONVÊNIO","","2017","DPM SERVIÇOS DE AUTOMAÇÃO LTDA-ME","127.580,11","EXECUÇÃO","23/11/2016","22/11/2017"
"3259 - CV. EMBRAPII/IFCE/FCPC- ANEMOMETRO ULTRASSONICO ESPECIALIZADO PARA SISTEMA DE PROSPECÇÃO E AVALIAÇÃO DO POTENCIAL EÓLICO","CONVÊNIO","","2017","EMBRAPII/IFCE","163.718,80","EXECUÇÃO","23/11/2016","22/11/2017"
"3260 - CV.EMBRAPII/IFCE/FCPC - SISTEMA DE COMUNICAÇÃO DE DADOS PARA DIPOSITOVOS IOT","CONVÊNIO","","2017","EMBRAPII/IFCE","160.409,19","EXECUÇÃO","28/11/2016","27/11/2017"
"3261 - CV. W3SAT/IFCE/FCPC-CONTRAPARTIDA - SISTEMA DE COMUNICAÇÃO DE DADOS PARA DIPOSITOVOS IOT","CONVÊNIO","","2017","METALURGICA W3SAT LTDA","259.213,22","EXECUÇÃO","28/11/2016","27/11/2017"
"3262 - CT. UFC/FCPC-SELEÇÃO PARA AS CASAS DE CULTURA 2017.1","CONTRATO","P. 000.588/2017-89 – CONTRATO 07/2017","2017","UNIVERSIDADE FEDERAL DO CEARÁ - UFC","302.984,00","EXECUÇÃO","30/01/2017","21/07/2017"